Keywords,Answer,Elobration,,,
Supervised Learning,Learning from labeled data to make predictions or classifications.,"Algorithms in supervised learning include Linear Regression, Logistic Regression, Decision Trees, Random Forest, and Neural Networks. They aim to map inputs (features) to outputs (labels), enabling predictions on unseen data. It is commonly used in tasks like spam detection, stock price prediction, and disease diagnosis.",,,
Unsupervised Learning,Finding patterns or structures in data without labeled responses.,"Techniques like K-Means Clustering, Hierarchical Clustering, and PCA are used to group data based on similarities or reduce data dimensions. It's widely applied in market segmentation, image compression, and anomaly detection.",,,
Deep Learning,A subset of machine learning using neural networks to model complex patterns.,"It excels at handling large datasets with high-dimensional features, such as images, videos, and text. Technologies like Convolutional Neural Networks (CNNs) for image processing and Transformers (e.g., BERT, GPT) for NLP are examples. Applications include facial recognition, autonomous vehicles, and medical imaging.",,,
Natural Language Processing (NLP),Techniques for processing and analyzing human language data.,"Key tasks include text classification, sentiment analysis, machine translation, and chatbot development. Techniques like Word2Vec, BERT, and GPT help machines understand language contextually, enabling applications in search engines, virtual assistants, and document summarization.",,,
Time Series Analysis,Methods for analyzing sequential data points ordered in time.,"Models like ARIMA and LSTM predict future values based on past data. Applications include stock market forecasting, weather prediction, and anomaly detection in IoT data.",,,
Reinforcement Learning,Learning to make sequences of decisions through rewards and penalties.,"RL methods like Q-Learning and Policy Gradients are used in training autonomous systems like robots, game-playing agents (e.g., AlphaGo), and recommendation systems.",,,
Optimization,Techniques to minimize or maximize a function during model training.,"In machine learning, optimization techniques like Gradient Descent and Adam Optimizer are crucial for training models. They adjust model parameters iteratively to reduce error metrics, ensuring high accuracy in tasks like classification and regression.",,,
Computer Vision,Techniques for analyzing and interpreting visual data from images or videos.,"Techniques include Image Classification, Object Detection (e.g., YOLO, SSD), and Image Segmentation. Applications range from facial recognition in security systems to medical diagnostics like detecting tumors in X-rays.",,,
Dimensionality Reduction,Reducing the number of variables in data while retaining important information.,"Methods like PCA, t-SNE, and UMAP help in visualizing high-dimensional data and improving model performance by eliminating noise. It's often used in exploratory data analysis and preprocessing for clustering or classification.",,,
Model Evaluation and Selection,Techniques to assess model performance and choose the best one.,"Metrics like Accuracy, Precision, Recall, F1 Score, and ROC Curve are used to evaluate models. Techniques like Cross-Validation and Grid Search help fine-tune models for optimal performance in real-world scenarios.",,,
Ensemble Learning,Combining multiple models to improve predictions or reduce errors.,"Techniques like Bagging (e.g., Random Forest) and Boosting (e.g., XGBoost, AdaBoost) are popular in achieving better accuracy. Applications include competition-winning ML models in Kaggle and real-world use cases like fraud detection",,,
Ethics and Explainability,"Ensuring fairness, transparency, and accountability in AI systems.","Methods like SHAP and LIME provide insights into how models make decisions. Ethical considerations include preventing bias, ensuring data privacy, and addressing societal impacts of AI.",,,
AI Applications,"Practical uses of AI in fields like healthcare, robotics, and chatbots.","From autonomous vehicles to personalized recommendations on streaming platforms, AI is transforming industries like healthcare, finance, and entertainment. Examples include chatbots, robotics, and predictive analytics.",,,
Theoretical Foundations,"Mathematical concepts like linear algebra, probability, and statistics underpinning AI.","Concepts like Probability, Linear Algebra, and Calculus are essential for understanding model behavior and optimization techniques. For instance, gradient descent relies on calculus, while PCA uses linear algebra.",,,
Data Engineering,"Preparing and organizing data for analysis, including preprocessing and feature engineering.","Tasks include handling missing data, normalizing features, and creating pipelines for large-scale data processing. Big Data tools like Apache Spark and Hadoop are also part of this field, ensuring scalability for AI projects.",,,
Supervised Learning,Guided learning using pre-labeled training data.,Algorithms learn by example,,,
Unsupervised Learning,Identifying hidden structures within unlabeled datasets.,Explores complex data relationships without predefined categories. Reveals unexpected patterns through intelligent clustering techniques.,,,
Deep Learning,Advanced neural network approach for complex pattern recognition.,Mimics human brain's neural connections to process multi-layered information. Enables breakthrough performances in complex cognitive tasks. mapping input features to known outcomes. Crucial in scenarios requiring precise predictive modeling across various domains.,,,
Natural Language Processing (NLP),Bridging human communication and computational understanding.,Transforms unstructured text into meaningful,,,
Time Series Analysis,Extracting insights from chronologically ordered data points.,Uncovers temporal patterns and trends for predictive modeling. Essential in understanding dynamic system behaviors.,,,
Reinforcement Learning,Adaptive learning through interaction and consequence.,Develops intelligent agents that learn optimal strategies through trial-and-error experiences. Simulates decision-making processes. analyzable data. Enables sophisticated language interpretation across multiple contexts.,,,
Optimization,Strategic parameter refinement for maximum model performance.,Systematically adjusts algorithmic parameters to minimize errors and maximize predictive accuracy. Fundamental to machine learning efficiency.,,,
Computer Vision,Transforming visual data into actionable computational insights.,Interprets and analyzes visual information with human-like perception. Enables intelligent image understanding and interpretation.,,,
Dimensionality Reduction,Simplifying complex datasets while preserving critical information.,Filters out noise and redundant features to enhance data comprehension. Improves computational efficiency and model interpretability.,,,
Model Evaluation and Selection,Systematic assessment of algorithmic performance and reliability.,Employs rigorous metrics to validate and compare machine learning models. Ensures robust and reliable predictive capabilities.,,,
Ensemble Learning,Collaborative approach combining multiple predictive models.,Leverages diverse algorithmic perspectives to improve overall prediction accuracy. Mitigates individual model limitations.,,,
Ethics and Explainability,Ensuring responsible and transparent AI development.,Addresses potential biases and provides clear insights into algorithmic decision-making processes. Promotes trustworthy AI systems.,,,
AI Applications,Practical technological solutions across diverse domains.,Implements intelligent systems solving real-world challenges. Drives innovation in healthcare,,,
Theoretical Foundations,Mathematical frameworks underlying machine intelligence.,Provides computational principles enabling advanced algorithmic design. Bridges theoretical concepts with practical implementation.,
Data Engineering,Comprehensive data preparation and transformation process.,Develops scalable infrastructure for efficient data processing. Enables seamless integration of raw data into machine learning pipelines. and technological advancement.,
Supervised Learning,Learning from labeled examples,Imagine training a dog with treats and punishments. Algorithms learn by receiving correct answers,,,
Unsupervised Learning,Finding patterns in unlabeled data,Think of sorting laundry without color-coded labels. Algorithms discover hidden structures by identifying similarities and relationships within data without predefined categories.,,,
Deep Learning,A powerful subset of machine learning,Like digital wizards,,,
Natural Language Processing (NLP),Making machines understand human language,Enables computers to process and interpret human communication. Similar to teaching a computer to read similar to a teacher guiding a student and providing feedback on performance.,,,
Time Series Analysis,Forecasting the future from past data,Studying data points collected over time,,,
Reinforcement Learning,Learning through trial and error,Comparable to training a pet by rewarding good behaviors and penalizing mistakes. An agent learns optimal strategies by interacting with an environment and receiving feedback. these models inspired by the human brain can learn complex patterns from vast amounts of data. They excel at tasks like image recognition and language understanding.,,,
Optimization,Finding the best solution to a problem,Like a mountain climber seeking the highest peak write and speak allowing for advanced applications like chatbots and translation.
Computer Vision,Teaching machines to see the world,Provides machines with the ability to interpret visual information. Analogous to giving computers eyes that can recognize objects much like predicting weather by analyzing historical patterns. Crucial for fields requiring trend prediction like finance and economics.,,,
Dimensionality Reduction,Simplifying complex data,Similar to summarizing a long story into key points. Techniques reduce dataset features while preserving essential information and improving computational efficiency.,,,
Model Evaluation and Selection,Assessing model performance,Like grading a student's test to measure understanding. Involves rigorous testing and comparison of different algorithms to determine the most suitable approach. these algorithms search for the most effective solution. Used to fine-tune models and improve performance iteratively.,,,
Ensemble Learning,Combining multiple models for better results,Imagine a team of experts collaborating to solve a problem. By merging multiple models faces and complex scenes.,,,
Ethics and Explainability,Ensuring fairness and transparency in AI,Developing trustworthy AI systems that can be understood and verified. Focuses on creating unbiased,,,
AI Applications,Real-world uses of AI,A versatile tool transforming industries from healthcare to finance. Demonstrates the practical potential of intelligent systems in solving complex real-world challenges.,,,
Theoretical Foundations,The math behind AI,Mathematical building blocks including linear algebra this approach often achieves superior performance compared to individual algorithms.,,,
Data Engineering,Preparing data for AI,Like preparing ingredients for a delicious meal. Involves cleaning accountable algorithms that align with human values.,,,
Supervised Learning,Learning guided by example,Think of it as following a recipe step-by-step,,,
Unsupervised Learning,Uncovering hidden insights,Similar to exploring a jungle without a map calculus and probability. Provides the fundamental principles enabling the development and understanding of advanced algorithms.,,,
Deep Learning,AI inspired by neural systems,A model mimicking the brain’s workings transforming and organizing data to make it suitable for analysis and machine learning processes.,,,
Natural Language Processing (NLP),Bridging the gap between humans and machines,Equips computers to understand and respond to human language,,,
Time Series Analysis,Studying trends over time,An approach to forecasting based on patterns found in chronological data where the system learns from labeled data to predict outcomes correctly.,,,
Reinforcement Learning,Learning by rewards and penalties,An agent evolves its decision-making through interaction these algorithms identify patterns and groupings in raw data.,,,
Optimization,Maximizing performance and efficiency,Finding the best possible answer by tweaking parameters capable of analyzing massive datasets and solving intricate problems like speech recognition.,,,
Computer Vision,Enabling machines to interpret visuals,Grants systems the ability to analyze images and videos enabling smart tools like virtual assistants and chat systems.,,,
Dimensionality Reduction,Reducing complexity while keeping value,Trims down the number of variables in data such as sales predictions or climate analysis.,,,
Model Evaluation and Selection,Picking the ideal model for a task,Tests and compares different algorithms to ensure the chosen one delivers the best results for a given problem. like a toddler learning what’s right or wrong through consequences.,,
Ensemble Learning,Strength in numbers,Combines predictions from multiple models to create a more accurate and reliable solution much like refining a car engine for top-notch performance.,,,
Ethics and Explainability,Making AI fair and transparent,Ensures algorithms operate responsibly allowing for innovations like facial recognition and object detection.,,,
AI Applications,Practical implementation of AI ideas,From medical diagnosis to autonomous driving preserving critical insights and making analysis more efficient.,,,
Theoretical Foundations,The science behind machine learning,Rooted in mathematics and statistics,,,
Data Engineering,Organizing data for better analysis,Transforms messy datasets into clean similar to consulting experts for a consensus.,,,
Supervised Learning,Algorithmic learning from labeled datasets,This paradigm involves training a model using input-output pairs avoiding biases and ensuring decisions can be clearly understood and trusted.,,,
Unsupervised Learning,Data-driven discovery of latent structures,Unsupervised algorithms analyze data without predefined labels AI is revolutionizing how tasks are performed across industries.,,
Deep Learning,Hierarchical representation learning,This methodology leverages deep neural networks to extract high-level abstractions from data these concepts form the building blocks for designing and understanding AI systems.,,
Natural Language Processing (NLP),Enabling computational understanding of human language,By employing linguistic principles and statistical models structured forms essential for effective machine learning and analytics.,
Time Series Analysis,Analysis of temporal data for predictive insights,Involves statistical techniques to model time-dependent patterns,,
Reinforcement Learning,Optimization of sequential decision-making,Agents learn to navigate environments through trial and error where the desired outputs serve as a supervisory signal to iteratively minimize prediction errors.,,
Optimization,Mathematical strategies for achieving optimality,This process identifies the most efficient solution to a problem employing clustering or dimensionality reduction to unveil intrinsic patterns and relationships.,,
Computer Vision,Computational interpretation of visual data,Focuses on enabling machines to analyze and extract meaningful information from images or videos excelling in domains such as image classification and natural language processing.,,
Dimensionality Reduction,Feature space reduction while preserving information,Techniques such as Principal Component Analysis (PCA) reduce high-dimensional datasets to lower dimensions NLP facilitates machine interaction with human text and speech for applications like translation and sentiment analysis.,,
Model Evaluation and Selection,Systematic assessment of algorithmic performance,This process benchmarks machine learning models against quantitative metrics enabling applications such as economic forecasting and environmental monitoring.,,
Ensemble Learning,Integrative modeling for enhanced predictive accuracy,Combining outputs from multiple algorithms to improve robustness and reduce variance guided by reward signals to develop policies that maximize cumulative returns.,,
Ethics and Explainability,Principles for responsible and transparent AI,Research focuses on addressing biases often by employing iterative techniques to minimize costs or maximize outcomes.,,
AI Applications,Translation of AI methodologies into practice,Encompasses diverse use cases such as diagnostic imaging in healthcare supporting advancements in facial recognition object detection and augmented reality.
Theoretical Foundations,Mathematical underpinnings of AI systems,Includes disciplines such as linear algebra enhancing interpretability and computational efficiency.,,
Data Engineering,Systematic preparation of raw datasets,Transforms unstructured or noisy data into structured formats suitable for machine learning pipelines ensuring the chosen approach is optimal for the given problem and dataset.,,
Supervised Learning,Unlocking insights from labeled data,Think of it as a mentor guiding you step by step to achieve your goals. Supervised learning is about leveraging clear examples to train models that can deliver accurate predictions for critical business challenges. mimicking the collective intelligence of expert committees.,,
Unsupervised Learning,Discovering hidden opportunities in data,This is where the magic of AI truly shines—finding patterns ensuring fairness and improving the interpretability of AI models to align with societal values and trust requirements.,
Deep Learning,Pioneering intelligence through neural networks,Deep learning is the backbone of cutting-edge AI systems. By analyzing massive datasets fraud detection in finance and autonomous navigation in robotics highlighting its transformative impact.
Natural Language Processing (NLP),Revolutionizing human-machine communication,NLP is the gateway to seamless customer engagement. It enables businesses to create chatbots probability and information theory providing the essential theoretical framework for machine learning research and development.
Time Series Analysis,Forecasting the future with data,Time series analysis isn’t just about trends—it’s about staying ahead of the curve. From predicting market movements to optimizing supply chains ensuring data quality and relevance for downstream tasks.,,
Reinforcement Learning,Mastering decision-making through feedback,Imagine building a system that learns by doing—reinforcement learning drives innovations in robotics,,,
Optimization,Achieving the best outcomes in every scenario,Optimization is about maximizing success,,,
Computer Vision,Bringing AI’s vision to life,This technology transforms industries by enabling systems to interpret and act on visual data. From enhancing product quality in manufacturing to powering AR shopping experiences insights and strategies in raw data. It’s like uncovering new market opportunities or understanding customer segmentation without prior assumptions.,
Dimensionality Reduction,Streamlining complexity for better decisions,Simplify without compromise. Dimensionality reduction makes complex data more actionable it powers breakthroughs in areas like autonomous driving medical diagnostics and personalized customer experiences.
Model Evaluation and Selection,Choosing the best AI for your mission,Success in AI hinges on selecting the right tools. Model evaluation ensures you deploy solutions that align with your vision and deliver the best outcomes for your goals. voice assistants and sentiment analysis tools enhancing user experiences and driving efficiency.
Ensemble Learning,Harnessing the power of collaboration in AI,In business it gives businesses the edge they need to thrive.,,
Ethics and Explainability,Building trust through responsible AI,As leaders game AI and smart systems by optimizing strategies through trial and reward.,
AI Applications,Turning imagination into impact,AI isn’t just technology—it’s a catalyst for transformation. From automating processes to reimagining customer experiences whether it’s cutting costs improving efficiency or fine-tuning product performance. It’s the art of doing more with less.
Theoretical Foundations,The science behind intelligent solutions,Every great idea starts with a solid foundation. For AI the possibilities are endless.,,
Data Engineering,Laying the groundwork for AI success,Data is the fuel for modern businesses. Data engineering ensures that information is clean  driving faster insights and better strategies for businesses.,,,
Supervised Learning,Predictive modeling with labeled training data,Leverages statistical learning theory to map input features to precise output predictions through comprehensive algorithmic decision boundaries,,,
Unsupervised Learning,Pattern discovery in unlabeled datasets,Implements sophisticated clustering techniques to reveal hidden structural relationships and emergent data characteristics without predefined categorization,,,
Deep Learning,Neural network-based complex pattern recognition,Utilizes multi-layered hierarchical representations to extract abstract features through advanced gradient-based optimization techniques,,,
Natural Language Processing,Computational language understanding,Employs transformer architectures and probabilistic models to enable semantic parsing and contextual linguistic interpretation,,,
Time Series Analysis,Sequential data pattern forecasting,Applies stochastic process modeling and autoregressive techniques to predict temporal trends across dynamic systems,,,
Reinforcement Learning,Adaptive decision-making through environmental interaction,Develops intelligent agents using policy gradient methods and value function approximation for optimal sequential strategy development,,,
Optimization,Algorithmic parameter refinement,Implements gradient descent variations to minimize cost functions and maximize predictive model performance,,,
Computer Vision,Visual data semantic interpretation,Utilizes convolutional neural networks for advanced image understanding and multi-scale feature extraction,,,
Dimensionality Reduction,High-dimensional data compression,Applies Principal Component Analysis and t-SNE to transform complex datasets into compact informative representations,,,
Model Evaluation,Performance assessment methodology,Employs cross-validation and comprehensive metrics to systematically validate machine learning model reliability,,,
Ensemble Learning,Integrated predictive modeling,Combines multiple algorithmic approaches to enhance overall prediction accuracy and reduce individual model variance,,,
Ethics in AI,Responsible and transparent algorithm development,Implements interpretability techniques to ensure unbiased and accountable intelligent systems,,,
AI Applications,Practical intelligent system deployment,Transforms diverse industrial sectors through advanced computational intelligence strategies,,,
Theoretical Foundations,Mathematical framework of machine intelligence,Provides rigorous statistical and algebraic principles underlying sophisticated learning algorithms,,,
Data Engineering,Comprehensive data preparation infrastructure,Develops scalable processing pipelines to transform raw data into analysis-ready high-quality datasets,,,